<?xml version="1.0" encoding="UTF-8"?>
<project-private xmlns="http://www.netbeans.org/ns/project-private/1">
    <editor-bookmarks xmlns="http://www.netbeans.org/ns/editor-bookmarks/2" lastBookmarkId="0"/>
    <open-files xmlns="http://www.netbeans.org/ns/projectui-open-files/2">
        <group>
            <file>file:/C:/Users/Luis%20Fernando/Documents/Nova%20pasta/tec%20info%20soluções/public_html/contatos.html</file>
            <file>file:/C:/Users/Luis%20Fernando/Documents/Nova%20pasta/tec%20info%20soluções/public_html/serviços.html</file>
            <file>file:/C:/Users/Luis%20Fernando/Documents/Nova%20pasta/tec%20info%20soluções/public_html/home.html</file>
        </group>
    </open-files>
</project-private>
